phase,sample_index,t_phase_s,t_global_s,s_global_m,S_total_m,mu_x,vx_mps,ax_model_mps2,omega_front_radps,omega_rear_radps,v_front_wheel_mps,v_rear_wheel_mps,v_slip_front_mps,v_slip_rear_mps,kappa_front,kappa_rear,slack_front_mps,slack_rear_mps,M_total_cmd_Nm,M_front_total_cmd_Nm,M_rear_total_cmd_Nm,M_front_per_wheel_cmd_Nm,M_rear_per_wheel_cmd_Nm,M_total_act_Nm,M_front_total_act_Nm,M_rear_total_act_Nm,Fx_front_total_N,Fx_rear_total_N,Fx_total_N,F_resistance_N,Fz_front_total_N,Fz_rear_total_N,Fz_FL_N,Fz_FR_N,Fz_RL_N,Fz_RR_N,P_front_cmd_W,P_rear_cmd_W,P_total_cmd_W,P_total_cmd_kW,P_front_act_W,P_rear_act_W,P_total_act_W,P_total_act_kW,P_total_drive_limit_W,M_total_limit_Nm,M_axle_limit_Nm,power_limited_cmd,torque_limited_front,torque_limited_rear,initial_phase_end_flag,initial_phase_region,initial_phase_end_t_s,initial_phase_end_s_m,initial_phase_end_vx_mps,initial_phase_end_ax_mps2,initial_phase_end_reason
launch,0,0.0,0.0,0.0,25.0,0.9,2.558798582379204e-35,-0.36419561403508777,-1.1670647132327604e-34,2.040812844003021e-33,-2.275776190803883e-35,3.979585045805891e-34,-4.834574773183086e-35,3.7237051875679708e-34,-6.446099697577449e-35,4.964940250090628e-34,1.9109450849620267e-05,1.9109450849620267e-05,70.36041320403464,28.347994604398494,42.01241859963615,14.173997302199247,21.006209299818074,-2.3135198192121146e-32,-3.3163316989099064e-32,1.0028118796977918e-32,8.294376912735435e-30,-4.508031743991048e-30,3.7863451687443865e-30,83.0366,910.170343521961,1326.5096564780392,455.0851717609805,455.0851717609805,663.2548282390196,663.2548282390196,-3.3083944193706166e-33,8.573948348576887e-32,8.243108906639826e-32,8.243108906639826e-35,3.870373703173003e-66,2.046551364206066e-65,2.4335887345233664e-65,2.4335887345233666e-68,80000.0,1062.52,531.26,0,0,0,0,initial,0.495,0.5013103757751985,2.686630372831026,8.082228190132072,initial_ax_ramp_knee
launch,1,0.033,0.033,-5.046332119619575e-05,25.0,0.9,0.00444930382495552,0.8605040227027728,0.33767731201211765,0.3644069973138157,0.06584707584236295,0.07105936447619407,0.061397772017407426,0.06661006065123855,0.0818629757634776,0.08881263279635156,0.005147302952406695,0.010359573552446093,145.61530887955183,56.59819620224401,89.01711267730782,28.299098101122006,44.50855633865391,47.37454444794231,19.08705860640249,28.287485841539823,108.87735178841587,170.35431613199714,279.231667920413,83.0367507441808,873.1773074860489,1363.5026945252557,436.58865374302445,436.58865374302445,681.7513472626279,681.7513472626279,19.111926758308204,32.438458740283345,51.55038549859155,0.051550385498591554,6.445266644427749,10.308157777072601,16.75342442150035,0.016753424421500348,80000.0,1062.52,531.26,0,0,0,0,initial,0.495,0.5013103757751985,2.686630372831026,8.082228190132072,initial_ax_ramp_knee
launch,2,0.066,0.066,0.0007672845016550387,25.0,0.9,0.053476513957283554,2.113850656170216,0.5720039008393796,0.5750883980990745,0.11154076066367902,0.11214223762931953,0.05806424670639546,0.05866572367203598,0.07732072139964068,0.07812167268251453,0.0017428491305306675,0.0023442989340235593,182.6813577864937,69.66086226560579,113.0204955208879,34.83043113280289,56.51024776044395,113.52127737955385,44.34377576316261,69.17750161639124,217.6481719841176,347.35140113847615,564.9995731225938,83.04162351578447,831.1534474302255,1405.5268431191093,415.57672371511273,415.57672371511273,702.7634215595547,702.7634215595547,39.84628495176125,64.99677572147105,104.8430606732323,0.1048430606732323,25.36481271447575,39.78317858906658,65.14799130354233,0.06514799130354233,80000.0,1062.52,531.26,0,0,0,0,initial,0.495,0.5013103757751985,2.686630372831026,8.082228190132072,initial_ax_ramp_knee
launch,3,0.099,0.099,0.0038310111306309614,25.0,0.9,0.14068586296671856,3.1736770049179976,1.0250304552263207,1.0376299007835974,0.19988093876913254,0.2023378306528015,0.05919507580241398,0.06165196768608294,0.07823852905732684,0.08148581955278568,0.0024503282963502454,0.004907182481621722,225.9470848989819,83.89051294689827,142.05657195208363,41.945256473449135,71.02828597604181,160.08762277267553,61.39008611276726,98.69753665990828,303.25020748752326,503.4129951601118,806.663202647635,83.06484552633155,795.6187808546208,1441.0632300646027,397.8093904273104,397.8093904273104,720.5316150323014,720.5316150323014,85.99033067512869,147.4021466602985,233.3924773354272,0.2333924773354272,62.92670791455285,102.41151517200609,165.33822308655894,0.16533822308655893,80000.0,1062.52,531.26,0,0,0,0,initial,0.495,0.5013103757751985,2.686630372831026,8.082228190132072,initial_ax_ramp_knee
launch,4,0.132,0.132,0.010300766022725642,25.0,0.9,0.25986287545208847,4.052391603917869,1.6382575802156287,1.6437160582518209,0.3194602281420476,0.3205246313591051,0.05959735268995914,0.06066175590701661,0.077147720753948,0.07852557192439083,0.0016592360371562498,0.0027235957959723034,254.85961983637543,92.46210447435796,162.3975153620175,46.23105223717898,81.19875768100874,204.43162067917677,76.53990435019183,127.89171632898493,369.53502085891415,637.5369754106058,1007.07199626952,83.12671057624594,766.1579353308969,1470.5289255864498,383.07896766544843,383.07896766544843,735.2644627932249,735.2644627932249,151.47674353780633,266.9354038207449,418.41214735855124,0.41841214735855126,125.39207849068094,210.21766784733913,335.60974633802005,0.33560974633802004,80000.0,1062.52,531.26,0,0,0,0,initial,0.495,0.5013103757751985,2.686630372831026,8.082228190132072,initial_ax_ramp_knee
launch,5,0.165,0.165,0.021144109568224524,25.0,0.9,0.4058386003875505,4.797888887284304,2.3999613904329875,2.408707984297549,0.4679924711344326,0.4696980569380221,0.06215387074688211,0.0638594565504716,0.07721921087290151,0.07933820987081686,0.0017863397928591764,0.003491875146670745,284.56622019143595,101.0042465122061,183.56197367922988,50.50212325610305,91.78098683961494,238.38542195327892,87.26052043446589,151.12490151881303,421.5084219233706,755.6601459565763,1177.168567879947,83.24990157912556,741.1657953034083,1495.5309387214995,370.5828976517042,370.5828976517042,747.7654693607498,747.7654693607498,242.40629189907037,442.14719161457754,684.553483513648,0.684553483513648,209.4218799518069,364.01575691454576,573.4376368663527,0.5734376368663527,80000.0,1062.52,531.26,0,0,0,0,initial,0.495,0.5013103757751985,2.686630372831026,8.082228190132072,initial_ax_ramp_knee
launch,6,0.198,0.198,0.03717797604054566,25.0,0.9,0.574478372155399,5.426436740282805,3.28408817905814,3.2905344355044277,0.6403971949163373,0.6416542149233634,0.0659188227609383,0.0671758427679644,0.0766490392990389,0.07811067608019992,0.001418307849702167,0.0026752667298081657,306.75550995343974,106.48676206601267,200.26874788742705,53.24338103300634,100.13437394371353,269.4795298350895,96.51434275159963,172.9651870834899,461.7970712706457,858.887719049045,1320.6847903196908,83.45721353521142,720.0976675358786,1516.6158630447692,360.0488337679393,360.0488337679393,758.3079315223846,758.3079315223846,349.71191652716897,658.9912112789333,1008.7031278061022,1.0087031278061023,316.961612140094,569.1479042416892,886.1095163817831,0.8861095163817831,80000.0,1062.52,531.26,0,0,0,0,initial,0.495,0.5013103757751985,2.686630372831026,8.082228190132072,initial_ax_ramp_knee
launch,7,0.231,0.231,0.05909324170080708,25.0,0.9,0.7623786718200235,5.964994752464713,4.279472245661551,4.286697438922998,0.8344970879040025,0.8359060005899845,0.07211841608397895,0.07352732876996104,0.07641764099987854,0.07791054377955385,0.0013380130018136726,0.0027468549550941617,328.13516843781406,111.60245099795178,216.53271743986227,55.80122549897589,108.26635871993113,294.5779125270225,103.22889715158841,191.34901537543408,493.16009545554516,950.6289785501256,1443.7890740056707,83.77027044371629,702.0503327373203,1534.6887193405873,351.02516636866017,351.02516636866017,767.3443596702937,767.3443596702937,477.59959159353787,928.2102452924947,1405.8098368860326,1.4058098368860326,441.76520031047335,820.2553341503105,1262.020534460784,1.262020534460784,80000.0,1062.52,531.26,0,0,0,0,initial,0.495,0.5013103757751985,2.686630372831026,8.082228190132072,initial_ax_ramp_knee
launch,8,0.264,0.264,0.08747995635466764,25.0,0.9,0.9667477246973114,6.424166700897748,5.371677557680095,5.377903272142637,1.0474771237476186,1.0486911380678143,0.08072939905030718,0.08194341337050293,0.07604977350036428,0.07719341528592434,0.001114525528501103,0.0023284535265189767,344.9293930063896,114.88603998293615,230.04335302345345,57.44301999146808,115.02167651172672,317.17243179294417,108.86691547492359,208.30551631802058,517.100236012042,1031.8187428553867,1548.918978867429,84.20897106274225,686.6689146324195,1550.1060408457624,343.33445731620975,343.33445731620975,775.0530204228812,775.0530204228812,617.1307626670763,1237.150900959494,1854.2816636265702,1.8542816636265702,584.7979666305029,1120.2469178120443,1705.0448844425473,1.7050448844425472,80000.0,1062.52,531.26,0,0,0,0,initial,0.495,0.5013103757751985,2.686630372831026,8.082228190132072,initial_ax_ramp_knee
launch,9,0.29700000000000004,0.29700000000000004,0.12284204924147467,25.0,0.9,1.185193736696098,6.817309781464519,6.55149135336878,6.557537022709146,1.2775408139069122,1.2787197194282833,0.09234707721081414,0.09352598273218526,0.0758044243945602,0.0767721459203763,0.0009801506372133719,0.0021589533521295633,360.3111849455909,117.71434830902611,242.59683663656483,58.857174154513054,121.29841831828242,335.8615402399477,112.91966713679399,222.9418731031537,535.0751366730802,1104.0625266958061,1639.1376633688865,84.79103319497625,673.5061437726813,1563.3165721413789,336.75307188634065,336.75307188634065,781.6582860706894,781.6582860706894,771.2045351140254,1590.8377378363964,2362.0422729504216,2.3620422729504216,739.7922228719866,1461.9495867860546,2201.7418096580413,2.2017418096580412,80000.0,1062.52,531.26,0,0,0,0,initial,0.495,0.5013103757751985,2.686630372831026,8.082228190132072,initial_ax_ramp_knee
launch,10,0.33,0.33,0.16561016594115519,25.0,0.9,1.415625437476834,7.149617765803876,7.809239932525639,7.81460274248017,1.5228017868424997,1.523847534783633,0.10717634936566567,0.1082220973067991,0.07558283905684074,0.07632032077548968,0.0008266781174199288,0.001872301368502912,372.2879771462708,119.31029091723943,252.9776862290314,59.655145458619714,126.4888431145157,352.32379120037103,116.14798581719936,236.17580538317165,547.975439509587,1167.6691516644428,1715.6445911740298,85.53174057074604,662.3883845672082,1574.495221363322,331.1941922836041,331.1941922836041,787.247610681661,787.247610681661,931.7226881921572,1976.9201205916766,2908.642808783834,2.908642808783834,907.0274889260947,1845.6200964547959,2752.6475853808906,2.7526475853808905,80000.0,1062.52,531.26,0,0,0,0,initial,0.495,0.5013103757751985,2.686630372831026,8.082228190132072,initial_ax_ramp_knee
launch,11,0.363,0.363,0.21614885157608868,25.0,0.9,1.6561448125932101,7.427601951783848,9.13365123361293,9.138526789152593,1.7810619905545215,1.7820127238847556,0.12491717796131141,0.1258679112915455,0.07542648264297293,0.07600054677251328,0.0007065455882240343,0.001657129043612004,382.3612222370201,120.36515250081726,261.99606973620286,60.18257625040863,130.99803486810143,365.76592679042733,118.27720531290312,247.4887214775242,556.7176452074168,1223.2192331556648,1779.9368783630816,86.4436333563643,653.0977344340076,1583.8609356350448,326.5488672170038,326.5488672170038,791.9304678175224,791.9304678175224,1099.373323623098,2394.2581019369804,3493.6314255600782,3.4936314255600784,1080.3027422144874,2261.6823112354796,3341.985053449967,3.341985053449967,80000.0,1062.52,531.26,0,0,0,0,initial,0.495,0.5013103757751985,2.686630372831026,8.082228190132072,initial_ax_ramp_knee
launch,12,0.396,0.396,0.27476293934244367,25.0,0.9,1.9050186016212625,7.655030250428271,10.505156468630101,10.50952921681165,2.04850551138287,2.0493581972782717,0.14348690976160738,0.14433959565700927,0.07532047699665144,0.07576807677057291,0.0006107871601470442,0.001463296940782515,390.2150308496103,120.85178716761112,269.36324368199917,60.42589358380556,134.68162184099958,376.9397463568573,119.6830462162525,257.25670014060483,562.0478337321287,1270.8354654882019,1832.8832992203306,87.5364021226848,645.5081803392413,1591.540535801407,322.75409016962067,322.75409016962067,795.7702679007035,795.7702679007035,1269.5669337093382,2830.8808794111264,4100.447813120465,4.100447813120465,1257.2891271440203,2703.6468063482403,3960.9359334922606,3.9609359334922605,80000.0,1062.52,531.26,0,0,0,0,initial,0.495,0.5013103757751985,2.686630372831026,8.082228190132072,initial_ax_ramp_knee
launch,13,0.42900000000000005,0.42900000000000005,0.3417022091452153,25.0,0.9,2.1606544942168493,7.836688581315896,11.9140591370131,11.918051252520685,2.3232415317175543,2.324019994241534,0.16258703750070502,0.16336550002468453,0.07524897568578465,0.07560926583215609,0.0005382660487493208,0.0013165257526313828,396.3974458528594,121.00866987738515,275.38877597547423,60.50433493869257,137.69438798773712,385.8781611077382,120.46997408701003,265.4081870207282,564.7294453837895,1310.8524026716455,1875.5818480554349,88.81685151541045,639.4594802404378,1597.6948320284498,319.7297401202189,319.7297401202189,798.8474160142249,798.8474160142249,1441.7044490104622,3282.097546444639,4723.801995455102,4.723801995455102,1435.2863955070732,3163.148375751634,4598.434771258707,4.598434771258707,80000.0,1062.52,531.26,0,0,0,0,initial,0.495,0.5013103757751985,2.686630372831026,8.082228190132072,initial_ax_ramp_knee
launch,14,0.462,0.462,0.41716638928184036,25.0,0.9,2.4216148409909515,7.977248137454833,13.35238313919138,13.356015820588931,2.603714712142319,2.6044230850148415,0.1820998711513675,0.18280824402389007,0.07519770199163886,0.07549022285851326,0.0004791179664006027,0.0011872608769504488,400.9346725245885,120.89446170932824,280.04021081526025,60.44723085466412,140.02010540763013,392.9609268281893,120.83268468666273,272.1282421415266,565.4733833230944,1343.6283061132187,1909.101689436313,90.28911409661123,634.795150103337,1602.4806544899748,317.3975750516685,317.3975750516685,801.2403272449874,801.2403272449874,1614.2291721492522,3740.2214860496756,5354.450658198928,5.354450658198928,1613.4043016734238,3634.5491072712844,5247.953408944708,5.247953408944708,80000.0,1062.52,531.26,0,0,0,0,initial,0.495,0.5013103757751985,2.686630372831026,8.082228190132072,initial_ax_ramp_knee
launch,15,0.495,0.495,0.5013103757751985,25.0,0.9,2.686630372831026,8.082228190132072,14.813123804310038,14.816461854424993,2.8885591418404575,2.8892100616128737,0.20192876900943135,0.20257968878184762,0.07516060677771974,0.07540288788158829,0.0004318946801286813,0.0010825573102953509,404.277249984112,120.67489819095137,283.60235179316066,60.337449095475684,141.80117589658033,398.32974933375397,120.87427992712333,277.45546940663064,564.9431284265271,1369.7599087063522,1934.7030371328792,91.95500978276687,631.330193521519,1606.0831535269194,315.6650967607595,315.6650967607595,803.0415767634597,803.0415767634597,1787.572206975072,4201.983427168582,5989.555634143654,5.989555634143654,1790.5256733173055,4110.908378764923,5901.434052082229,5.901434052082229,80000.0,1062.52,531.26,0,0,0,1,initial,0.495,0.5013103757751985,2.686630372831026,8.082228190132072,initial_ax_ramp_knee
launch,16,0.528,0.528,0.5942501154656696,25.0,0.9,2.9546154740252524,8.157211542506131,16.290273934610646,16.293341304724823,3.1766034172490762,3.1772015544213406,0.22198794322382387,0.22258608039608818,0.07513260022340443,0.07533504185329593,0.0003922309095228585,0.0009900835266164793,406.5666106108366,120.39565617670152,286.17095443413507,60.19782808835076,143.08547721706753,402.3342757582577,120.7400337154788,281.5942420427789,563.6997625568202,1389.9590157867071,1953.6587783435275,93.81454665212964,628.8774236797399,1608.6895191843541,314.43871183986994,314.43871183986994,804.3447595921771,804.3447595921771,1961.278219655666,4662.681032094219,6623.959251749884,6.623959251749884,1966.8882240992748,4588.111095048289,6554.999319147564,6.554999319147564,80000.0,1062.52,531.26,0,0,0,0,plateau,0.495,0.5013103757751985,2.686630372831026,8.082228190132072,initial_ax_ramp_knee
launch,17,0.561,0.561,0.6960687196186274,25.0,0.9,3.2246725188181413,8.20793871753679,17.778880319233846,17.781715830829025,3.4668816622506,3.46743458701166,0.2422091434324587,0.24276206819351875,0.07511123750365496,0.07528270445350285,0.00035919724957166917,0.0009118100334620028,408.14151467191,120.14338121678496,287.998133455125,60.07169060839248,143.9990667275625,405.18395964244183,120.50816002010457,284.67579962233725,562.189602504186,1405.0868807795975,1967.2764832837836,95.86645568539565,627.2443230068002,1610.492165899128,313.6221615034001,313.6221615034001,805.246082949564,805.246082949564,2136.014795801307,5121.100968908207,7257.115764709513,7.257115764709513,2142.50015448852,5062.024172798426,7204.524327286946,7.204524327286945,80000.0,1062.52,531.26,0,0,0,0,plateau,0.495,0.5013103757751985,2.686630372831026,8.082228190132072,initial_ax_ramp_knee
launch,18,0.5940000000000001,0.5940000000000001,0.8068226415559542,25.0,0.9,3.496086205771003,8.239659667439911,19.274989038033198,19.27761373385156,3.7586228624164737,3.7591346781010544,0.26253665664547077,0.26304847233005146,0.07509444595848366,0.07524084271601665,0.00033072926165703646,0.000842205285601849,409.1420170998479,119.92953200194871,289.2124850978992,59.96476600097436,144.6062425489496,407.175318359942,120.26254989866572,286.9127684612763,560.7237923601921,1416.027313525711,1976.7511058859031,98.10870170960338,626.2547969156558,1611.6670211501757,313.1273984578279,313.1273984578279,805.8335105750879,805.8335105750879,2311.640414674013,5575.326574724601,7886.966989398614,7.886966989398614,2318.0593309827022,5530.993525706473,7849.052856689175,7.849052856689175,80000.0,1062.52,531.26,0,0,0,0,plateau,0.495,0.5013103757751985,2.686630372831026,8.082228190132072,initial_ax_ramp_knee
launch,19,0.627,0.627,0.9265474222024123,25.0,0.9,3.7683065539838614,8.257080994140392,20.775565137125444,20.778004798195617,4.051235201739462,4.0517109356481456,0.28292864775560034,0.28340438166428417,0.07508111235177711,0.07520735842594028,0.00030623988444255,0.0007816062768854647,409.7865959832079,119.7827394356474,290.00385654756053,59.8913697178237,145.00192827378027,408.49952116982604,120.03832479208154,288.4611963777445,559.4932451730159,1423.6601189452003,1983.1533641182164,100.53889745420699,625.7509572096086,1612.371776433727,312.8754786048043,312.8754786048043,806.1858882168635,806.1858882168635,2488.554105448617,6025.701522840446,8514.255628289064,8.514255628289064,2493.86403566931,5993.648122430023,8487.512158099333,8.487512158099333,80000.0,1062.52,531.26,0,0,0,0,plateau,0.495,0.5013103757751985,2.686630372831026,8.082228190132072,initial_ax_ramp_knee
launch,20,0.66,0.66,1.0552628005345863,25.0,0.9,4.0409253499664,8.264050516870316,22.278352852417196,22.280624683093652,4.344278806221354,4.344721813203263,0.30335345625495336,0.3037964632368624,0.07507029454465812,0.07517992462775597,0.0002846852608139758,0.0007272964653987649,410.165232087063,119.69137504550254,290.47385704156045,59.84568752275127,145.23692852078022,409.3661247069254,119.86623598138169,289.4998887255437,558.5848510087459,1428.773270508287,1987.358121517033,103.15460367060088,625.6037083142012,1612.7353259784936,312.8018541571006,312.8018541571006,806.3676629892468,806.3676629892468,2666.526686654708,6471.938988993608,9138.465675648316,9.138465675648316,2670.422300284328,6450.238366491215,9120.660666775542,9.120660666775542,80000.0,1062.52,531.26,0,0,0,0,plateau,0.495,0.5013103757751985,2.686630372831026,8.082228190132072,initial_ax_ramp_knee
launch,21,0.6930000000000001,0.6930000000000001,1.192976947373276,25.0,0.9,4.31364893316046,8.263635131596917,23.781731381968342,23.783853587408935,4.637437619483827,4.637851449544742,0.32378868632336744,0.32420251638428255,0.07506143669557708,0.0751573717304692,0.00026569383941116965,0.0006790994834693783,410.3967843436149,119.65607781845678,290.74070652515815,59.82803890922839,145.37035326257907,409.9041736804188,119.74849993064257,290.1556737497762,558.0135315021894,1432.0487852613091,1990.0623167634985,105.95350675940131,625.7101426091169,1612.8603862101286,312.85507130455846,312.85507130455846,806.4301931050643,806.4301931050643,2845.6287008984395,6914.934395894191,9760.56309679263,9.76056309679263,2847.8266587441963,6901.0200620206715,9748.846720764868,9.748846720764869,80000.0,1062.52,531.26,0,0,0,0,plateau,0.495,0.5013103757751985,2.686630372831026,8.082228190132072,initial_ax_ramp_knee
launch,22,0.726,0.726,1.3396898245425843,25.0,0.9,4.586271617775449,8.258092729040351,25.28456394589645,25.2865501460591,4.930489969449808,4.930877278481525,0.34421835167435955,0.3446056607060761,0.07505407013841914,0.07513851978815542,0.000248706189741893,0.0006355616100809196,410.5234478360678,119.66015215859196,290.86329567747583,59.83007607929598,145.43164783873792,410.2358545887079,119.6862709688964,290.54958361981153,557.7479912891791,1434.0306506403297,1991.778641929509,108.93349970830884,625.9944847080801,1612.8225582468845,312.99724235404005,312.99724235404005,806.4112791234422,806.4112791234422,3025.5547690296175,7354.929311796507,10380.484080826125,10.380484080826125,3026.215171758951,7346.996616118956,10373.211787877906,10.373211787877906,80000.0,1062.52,531.26,0,0,0,0,plateau,0.495,0.5013103757751985,2.686630372831026,8.082228190132072,initial_ax_ramp_knee
launch,23,0.759,0.759,1.4953956888320918,25.0,0.9,4.858651813372893,8.249048582805697,26.78606874476654,26.787932259170642,5.223283405229475,5.223646790538275,0.36463159185658256,0.36499497716538265,0.07504789514922125,0.07512268653637107,0.00023348099797808745,0.0005963829555361885,410.60054849201805,119.69754392162251,290.9030045703955,59.848771960811256,145.45150228519776,410.4294947118901,119.6686848479038,290.76080986398625,557.7364935444637,1435.1392741746893,1992.875767719153,112.09269083945404,626.4021775809601,1612.676242559309,313.20108879048007,313.20108879048007,806.3381212796545,806.3381212796545,3206.2266400642925,7792.689980420963,10998.916620485255,10.998916620485256,3205.453618931753,7788.880878258059,10994.334497189811,10.994334497189811,80000.0,1062.52,531.26,0,0,0,0,plateau,0.495,0.5013103757751985,2.686630372831026,8.082228190132072,initial_ax_ramp_knee
launch,24,0.792,0.792,1.6600848875073297,25.0,0.9,5.130692524658933,8.237588486937348,28.285709421105246,28.287460904957307,5.515713337115523,5.516054876466675,0.3850208124565899,0.3853623518077418,0.07504265956420464,0.07510922744943853,0.00021969877026108316,0.0005607243660995709,410.64218607447333,119.75611326230468,290.88607281216866,59.87805663115234,145.44303640608433,410.544667357141,119.68811602245715,290.85655133468384,557.9223914807515,1435.677156213114,1993.5995476938654,115.42937267215011,626.8967586927564,1612.4577602947552,313.4483793463782,313.4483793463782,806.2288801473776,806.2288801473776,3387.3866211385184,8228.428412470785,11615.815033609302,11.615815033609302,3385.463270970754,8227.593324830577,11613.056595801332,11.613056595801332,80000.0,1062.52,531.26,0,0,0,0,plateau,0.495,0.5013103757751985,2.686630372831026,8.082228190132072,initial_ax_ramp_knee
launch,25,0.8250000000000001,0.8250000000000001,1.833745073831036,25.0,0.9,5.402326338612212,8.224427084836957,29.783113497980395,29.78476295186224,5.807707132106177,5.8080287756131375,0.4053807934939657,0.4057024370009259,0.07503819060255121,0.07509772856579147,0.000207195426678966,0.0005282941157905104,410.6711346619827,119.8315210000416,290.8396136619411,59.9157605000208,145.41980683097054,410.6103279267481,119.73389941278708,290.876428513961,558.2551770787926,1435.8561704911979,1994.1113475699904,118.9419722271642,627.454214401084,1612.1909947935928,313.727107200542,313.727107200542,806.0954973967964,806.0954973967964,3568.95579057986,8662.588949932111,12231.54474051197,12.23154474051197,3566.048315766806,8663.685471572631,12229.733787339437,12.229733787339438,80000.0,1062.52,531.26,0,0,0,0,plateau,0.495,0.5013103757751985,2.686630372831026,8.082228190132072,initial_ax_ramp_knee
launch,26,0.8580000000000001,0.8580000000000001,2.016362003131516,25.0,0.9,5.673504662532779,8.21000014157434,31.278012087758952,31.279567862585562,6.099212357112996,6.099515733204185,0.4257076945802165,0.42601107067140553,0.07503434295058305,0.0750878153823927,0.000195775210229096,0.0004985746845074789,410.6897697256946,119.91734430833554,290.77242541735905,59.95867215416777,145.38621270867952,410.6512698605703,119.79962924599678,290.85164061457357,558.694168617773,1435.8148639645644,1994.5090325823376,122.62900030338778,628.0598844488911,1611.8904829149365,314.02994222444556,314.02994222444556,805.9452414574682,805.9452414574682,3750.7761448080714,9095.235813410882,12846.011958218953,12.846011958218952,3747.094251665328,9097.713630547902,12844.80788221323,12.84480788221323,80000.0,1062.52,531.26,0,0,0,0,plateau,0.495,0.5013103757751985,2.686630372831026,8.082228190132072,initial_ax_ramp_knee
launch,27,0.891,0.891,2.2079200260049783,25.0,0.9,5.944190372070426,8.194573465861737,32.77019993081709,32.77166971033531,6.390188986509333,6.390475593515386,0.4459986144389072,0.44628522144495975,0.07503101120961593,0.07507922753313732,0.00018532113838405976,0.0004713189930019086,410.7068616592939,120.01181617378774,290.69504548550617,60.00590808689387,145.34752274275309,410.67719230031344,119.8788882667872,290.7983040335262,559.2097059024451,1435.6420516410922,1994.8517575435371,126.48900732706105,628.7048084183791,1611.5650649382496,314.35240420918956,314.35240420918956,805.7825324691248,805.7825324691248,3932.8112100754925,9526.562017081907,13459.3732271574,13.459373227157402,3928.4551359867,9529.94597211239,13458.40110809909,13.458401108099089,80000.0,1062.52,531.26,0,0,0,0,plateau,0.495,0.5013103757751985,2.686630372831026,8.082228190132072,initial_ax_ramp_knee
launch,28,0.924,0.924,2.408402386553892,25.0,0.9,6.2143530851348,8.17829603296985,34.2595088778731,34.260899268592524,6.680604231185256,6.680875357375543,0.4662511460504559,0.46652227224074316,0.07502810665292961,0.07507173568182013,0.0001757049739119165,0.0004461886879403122,410.7214746865908,120.11215219320064,290.60932249339015,60.05607609660032,145.30466124669508,410.6971690500474,119.96839028577489,290.72877876427253,559.781369421039,1435.3906758810347,1995.1720453020737,130.5205497849478,629.3839434428282,1611.219664078671,314.6919717214141,314.6919717214141,805.6098320393355,805.6098320393355,4114.983344403403,9956.53672445996,14071.520068863363,14.071520068863363,4110.05813205965,9960.629403723662,14070.687535783312,14.070687535783312,80000.0,1062.52,531.26,0,0,0,0,plateau,0.495,0.5013103757751985,2.686630372831026,8.082228190132072,initial_ax_ramp_knee
launch,29,0.9570000000000001,0.9570000000000001,2.6177913931649166,25.0,0.9,6.483966249677094,8.161254340582232,35.74579210905406,35.74710913925279,6.9704294612655415,6.970686282154295,0.48646321158844774,0.4867200324772014,0.07502556195641424,0.0750651705661547,0.00016684029306363697,0.00042298458421665845,410.73703315031594,120.2179517196976,290.51908143061837,60.1089758598488,145.25954071530919,410.71353433851465,120.06518697247873,290.6483473660359,560.3960940633146,1435.0920622004285,1995.4881562637431,134.7221666109941,630.0943409069054,1610.8571078351129,315.0471704534527,315.0471704534527,805.4285539175564,805.4285539175564,4297.285909948608,10385.217310935785,14682.503220884391,14.682503220884392,4291.82521305293,10389.838194437143,14681.663407490072,14.681663407490072,80000.0,1062.52,531.26,0,0,0,0,plateau,0.495,0.5013103757751985,2.686630372831026,8.082228190132072,initial_ax_ramp_knee
launch,30,0.99,0.99,2.836068515916927,25.0,0.9,6.7530054476493575,8.143494088490835,37.22891455656373,37.230163516424525,7.2596383385299275,7.259881885702783,0.50663289088057,0.5068764380534256,0.07502332032871718,0.07505938533336493,0.0001586383749110148,0.0004014739886737058,410.7523041368918,120.32812089624926,290.42418324064255,60.16406044812463,145.21209162032127,410.7293563818124,120.16804538358858,290.5613109982238,561.0458130943181,1434.7632031820465,1995.8090162763647,139.09236410045452,630.8344190408335,1610.4788541488865,315.41720952041675,315.41720952041675,805.2394270744433,805.2394270744433,4479.685331598334,10812.53983117316,15292.225162771494,15.292225162771494,4473.725894014891,10817.645120010551,15291.371014025442,15.291371014025442,80000.0,1062.52,531.26,0,0,0,0,plateau,0.495,0.5013103757751985,2.686630372831026,8.082228190132072,initial_ax_ramp_knee
launch,31,1.0230000000000001,1.0230000000000001,3.0632144396819,25.0,0.9,7.021447445816065,8.12504260720302,38.708747804579836,38.70993351005002,7.5482058218930685,7.548437034459754,0.5267583760770034,0.5269895886436888,0.07502133714479167,0.07505426661816161,0.00015103388523275577,0.0003814990767566292,410.76874628859076,120.4426911422513,290.32605514633946,60.22134557112565,145.16302757316973,410.74480739174095,120.27582622432328,290.46898116741767,561.7258330817762,1434.4134882984845,1996.1393213802608,143.62960693797183,631.6032106059314,1610.0857429762796,315.8016053029657,315.8016053029657,805.0428714881398,805.0428714881398,4662.185756330307,11238.502290949917,15900.688047280224,15.900688047280225,4655.7266243048,11244.03494772271,15899.76157202751,15.89976157202751,80000.0,1062.52,531.26,0,0,0,0,plateau,0.495,0.5013103757751985,2.686630372831026,8.082228190132072,initial_ax_ramp_knee
launch,32,1.056,1.056,3.2992090947004797,25.0,0.9,7.289269694117894,8.10591506803568,40.185167210234646,40.1862939495457,7.836107605995756,7.836327320161412,0.5468379118778621,0.547057626043518,0.0750195746384765,0.07504971677546358,0.00014396286403497882,0.000362892944403609,410.78550079862083,120.5612194362427,290.2242813623781,60.28060971812135,145.11214068118906,410.7609257497949,120.38817845636972,290.3727472934252,562.4334387240972,1434.047510250584,1996.4809489746813,148.33231346254613,632.4001545173514,1609.678204274285,316.2000772586757,316.2000772586757,804.8391021371425,804.8391021371425,4844.7727621152035,11663.038282124186,16507.811044239388,16.50781104423939,4837.819081404785,11669.004577670736,16506.82365907552,16.50682365907552,80000.0,1062.52,531.26,0,0,0,0,plateau,0.495,0.5013103757751985,2.686630372831026,8.082228190132072,initial_ax_ramp_knee
launch,33,1.089,1.089,3.5440316742783384,25.0,0.9,7.556450072189864,8.086122649890452,41.65805057046864,41.65912225023337,8.123319861241384,8.123528838795506,0.5668697890515206,0.5670787666056425,0.07501800232066397,0.07504565784040212,0.0001373751492018101,0.00034553099136832243,410.8032559200516,120.68378870499012,290.11946721506143,60.34189435249506,145.05973360753072,410.77747243691476,120.5046891080132,290.2727833289016,563.1671096384066,1433.6677080867044,1996.834817725111,153.19885355008768,633.2248219469705,1609.256531722689,316.6124109734852,316.6124109734852,804.6282658613445,804.6282658613445,5027.45137290823,12086.122351884815,17113.573724793045,17.113573724793046,5019.990432840215,12092.509366614213,17112.49979945443,17.11249979945443,80000.0,1062.52,531.26,0,0,0,0,plateau,0.495,0.5013103757751985,2.686630372831026,8.082228190132072,initial_ax_ramp_knee
launch,34,1.122,1.122,3.7976606470181626,25.0,0.9,7.822966770037853,8.065673366457867,43.127277406403415,43.12829754225488,8.409819094248666,8.4100180207397,0.5868523242108132,0.5870512507018475,0.07501659427449844,0.0750420227975744,0.00013122318565880265,0.0003292893820550425,410.82150388362334,120.81018817515464,290.0113157084687,60.40509408757732,145.00565785423436,410.7948327779399,120.62527910217638,290.16955367576355,563.9259356107901,1433.2751400161435,1997.2010756269337,158.22754807453992,634.0768885699745,1608.8209104330735,317.03844428498724,317.03844428498724,804.4104552165368,804.4104552165368,5210.214498949692,12507.694314495655,17717.90881344535,17.717908813445348,5202.239874064398,12514.518848631627,17716.758722696024,17.716758722696024,80000.0,1062.52,531.26,0,0,0,0,plateau,0.495,0.5013103757751985,2.686630372831026,8.082228190132072,initial_ax_ramp_knee
launch,35,1.155,1.155,4.060073765952841,25.0,0.9,8.088798236647277,8.044574927275654,44.5927287109289,44.59370051272443,8.695582098631137,8.695771599981265,0.6067838619838604,0.6069733633339887,0.0750153291294562,0.07503875675672346,0.00012546798631216284,0.00031406947282974264,410.8405904733577,120.94046155394172,289.900128919416,60.47023077697086,144.950064459708,410.81279076630506,120.74978068904502,290.06301007726,564.7093485919488,1432.8704040794235,1997.5797526713723,163.41666925252332,634.9560386467272,1608.3715128956528,317.4780193233636,317.4780193233636,804.1857564478264,804.1857564478264,5393.06519224945,12927.719527632638,18320.78471988209,18.320784719882088,5384.5622121707465,12934.983001204702,18319.545213375448,18.31954521337545,80000.0,1062.52,531.26,0,0,0,0,plateau,0.495,0.5013103757751985,2.686630372831026,8.082228190132072,initial_ax_ramp_knee
launch,36,1.1880000000000002,1.1880000000000002,4.331248076850584,25.0,0.9,8.35392316136146,8.022834328321224,46.05428681604449,46.05521319556895,8.980585929128676,8.980766573135947,0.6266627677672165,0.6268434117744874,0.0750141886228563,0.07503581247595881,0.00012007333284646003,0.0002997768790214715,410.86023050830653,121.07448503209508,289.78574547621145,60.53724251604754,144.89287273810572,410.8315086560591,120.87816849545578,289.9533401606033,565.5169271831189,1432.4537411373637,1997.9706683204827,168.76444146324357,635.8619787771551,1607.908485292936,317.93098938857753,317.93098938857753,803.954242646468,803.954242646468,5575.999059772992,13346.1442889438,18922.143348716792,18.92214334871679,5566.957841687873,13353.862897863912,18920.820739551786,18.920820739551786,80000.0,1062.52,531.26,0,0,0,0,plateau,0.495,0.5013103757751985,2.686630372831026,8.082228190132072,initial_ax_ramp_knee
launch,37,1.221,1.221,4.611159925984589,25.0,0.9,8.618320470718581,8.000458922560801,47.51183539002533,47.512719013510406,9.26480790105494,9.26498020763453,0.646487430336359,0.6466597369159484,0.0750131574397646,0.075033150497597,0.00011500858466603323,0.00028633303905957794,410.8806004885574,121.21226289735203,289.66833759120533,60.60613144867602,144.83416879560266,410.8508474376831,121.01035086999522,289.84049656768786,566.3483300999418,1432.0253465715118,1998.3736766714537,174.26904232759108,636.7944020416317,1607.4319834483467,318.3972010208158,318.3972010208158,803.7159917241734,803.7159917241734,5759.017082031465,13762.930331081612,19521.947413113077,19.52194741311308,5749.423871024422,13771.11007215688,19520.5339431813,19.520533943181302,80000.0,1062.52,531.26,0,0,0,0,plateau,0.495,0.5013103757751985,2.686630372831026,8.082228190132072,initial_ax_ramp_knee
launch,38,1.254,1.254,4.899784968058818,25.0,0.9,8.881969331391662,7.977455970038016,48.96525943773296,48.96610273899517,9.548225590357928,9.548390034104058,0.666256258966266,0.6664207027123954,0.07501222241462911,0.07503073674855595,0.00011024561015784822,0.00027366445324845116,410.9015411914851,121.35370815974326,289.54783303174185,60.67685407987163,144.77391651587092,410.8708805382139,121.14630075827759,289.7245797799363,567.203239344294,1431.5853257370984,1998.7885650813923,179.92860391272453,637.7530031261638,1606.9421578009408,318.8765015630819,318.8765015630819,803.4710789004704,803.4710789004704,5942.11580377276,14178.028940085691,20120.14474385845,20.12014474385845,5931.960046550687,14186.683539516562,20118.64358606725,20.11864358606725,80000.0,1062.52,531.26,0,0,0,0,plateau,0.495,0.5013103757751985,2.686630372831026,8.082228190132072,initial_ax_ramp_knee
launch,39,1.2870000000000001,1.2870000000000001,5.197098174176708,25.0,0.9,9.144849156020168,7.953833094139302,50.41444533943841,50.41525055409181,9.83081684119049,9.830973858047903,0.685967685170322,0.686124702027735,0.07501137235475787,0.07502854233260377,0.00010576006501916494,0.0002617080813739049,410.9231409824598,121.49879975061405,289.42434123184574,60.74939987530703,144.71217061592287,410.8915247387671,121.2859507505406,289.6055739882265,568.081350615369,1431.133808865692,1999.215159481061,185.74121401730008,638.737463066671,1606.4391687677034,319.3687315333355,319.3687315333355,803.2195843838517,803.2195843838517,6125.2945988347055,14591.40067965647,20716.695278491177,20.716695278491176,6114.563934554948,14600.537574478014,20715.10150903296,20.71510150903296,80000.0,1062.52,531.26,0,0,0,0,plateau,0.495,0.5013103757751985,2.686630372831026,8.082228190132072,initial_ax_ramp_knee
launch,40,1.32,1.32,5.503073840090335,25.0,0.9,9.40693960946838,7.929597988758417,51.85928087669288,51.8600500559104,10.112559770955112,10.112709760902527,0.705620161486733,0.7057701514341481,0.07501059757803741,0.07502654218421562,0.00010152972848534987,0.00025040568270698587,410.9453093667137,121.64746778801114,289.2978415787025,60.82373389400557,144.64892078935125,410.9128123502788,121.4292646390682,289.4835477112106,568.9823571972481,1430.6709017325948,1999.6532589298429,191.70491749292395,639.7474591113786,1605.923176990746,319.8737295556893,319.8737295556893,802.961588495373,802.961588495373,6308.550199956919,15003.00054533835,21311.550745295266,21.311550745295268,6297.234341567708,15012.631274665906,21309.865616233612,21.309865616233612,80000.0,1062.52,531.26,0,0,0,0,plateau,0.495,0.5013103757751985,2.686630372831026,8.082228190132072,initial_ax_ramp_knee
launch,41,1.353,1.353,5.8176855946063295,25.0,0.9,9.668220615462566,7.904758634908084,53.299655271773304,53.30039030575767,10.393432777995795,10.393576109622746,0.7252121625332286,0.7253554941601799,0.07500988975917484,0.07502471478568716,9.753504656849954e-05,0.0002397062583452394,410.9680881136294,121.79967645970858,289.1684116539208,60.89983822985429,144.5842058269604,410.9346929970716,121.57618354286001,289.35850945421157,569.9059514765014,1430.1967348844773,2000.1026863609786,197.81771760193547,640.7826575029503,1605.3943506677663,320.39132875147516,320.39132875147516,802.6971753338831,802.6971753338831,6491.880767515989,15412.789205249985,21904.669972765972,21.904669972765973,6479.968672092277,15422.921492201747,21902.890164294025,21.902890164294025,80000.0,1062.52,531.26,0,0,0,0,plateau,0.495,0.5013103757751985,2.686630372831026,8.082228190132072,initial_ax_ramp_knee
launch,42,1.3860000000000001,1.3860000000000001,6.140906408245355,25.0,0.9,9.928672362769577,7.879323132895555,54.73545921692075,54.73616184747816,10.673414547299547,10.673551560258241,0.7447421845299704,0.7448791974886646,0.07500924165073633,0.07502304137679114,9.375820356408786e-05,0.00022956299256317658,410.9914238499075,121.95536392641114,289.03605992349634,60.97768196320557,144.51802996174817,410.95717834588726,121.72666411340953,289.23051423247773,570.8518198016951,1429.7114318906151,2000.5632516923101,204.0775773921235,641.8427191510999,1604.8528599934425,320.92135957554996,320.92135957554996,802.4264299967213,802.4264299967213,6675.282848478805,15820.72455572989,22496.007404208696,22.496007404208697,6662.7648591913385,15831.368238258236,22494.133097449572,22.494133097449573,80000.0,1062.52,531.26,0,0,0,0,plateau,0.495,0.5013103757751985,2.686630372831026,8.082228190132072,initial_ax_ramp_knee
launch,43,1.419,1.419,6.472708602074454,25.0,0.9,10.188275311316643,7.853299809864822,56.16658490913256,56.16725674652669,10.95248405728085,10.952615065572704,0.7642087459642077,0.7643397542560617,0.07500864696062558,0.07502150569165227,9.018331991919587e-05,0.00021993428856206503,411.01533369838825,122.11448581968274,288.9008478787055,61.05724290984137,144.45042393935276,410.98023627119596,121.8806505521313,289.0995857190647,571.8196446408542,1429.2151331039267,2001.034777744781,210.48242109560147,642.9272960731209,1604.2988808349085,321.46364803656047,321.46364803656047,802.1494404174542,802.1494404174542,6858.753636426274,16226.768097092503,23085.521733518777,23.085521733518778,6845.619908016597,16237.930656397208,23083.550564413803,23.0835505644138,80000.0,1062.52,531.26,0,0,0,0,plateau,0.495,0.5013103757751985,2.686630372831026,8.082228190132072,initial_ax_ramp_knee
launch,44,1.452,1.452,6.8130638567557185,25.0,0.9,10.447010197836832,7.826697126339982,57.59292607849579,57.59356861231393,11.23062058530668,11.230745879401217,0.7836103874698477,0.7837356815643854,0.07500810017703465,0.0750200934738885,8.679591613182914e-05,0.0002107820613291922,411.0397842936393,122.27698380181539,288.7628004918239,61.138491900907695,144.38140024591195,411.00386780701024,122.03809475650215,288.96577305050806,572.8091026271528,1428.7079777185784,2001.5170803457313,217.0301355402153,644.036034574205,1603.7325916684838,322.0180172871025,322.0180172871025,801.8662958342419,801.8662958342419,7042.2892891993815,16630.88016280978,23673.169452009162,23.673169452009162,7028.530970071693,16642.57007679477,23671.101046866464,23.671101046866465,80000.0,1062.52,531.26,0,0,0,0,plateau,0.495,0.5013103757751985,2.686630372831026,8.082228190132072,initial_ax_ramp_knee
launch,45,1.485,1.485,7.161943221763003,25.0,0.9,10.704858041373004,7.799523729153121,59.014378018767225,59.01499263049721,11.507803713659609,11.507923562946957,0.8029456722866044,0.8030655215739522,0.07500759647473276,0.07501879225957031,8.358295495469049e-05,0.0002020721151016543,411.06477977600974,122.44280833225828,288.6219714437515,61.22140416612914,144.31098572187574,411.02805082576657,122.19894173252118,288.8291090932454,573.819865955041,1428.1901158712733,2002.0099818263143,223.7185715794029,645.1685735201862,1603.1541754255063,322.5842867600931,322.5842867600931,801.5770877127532,801.5770877127532,7225.8861765993515,17033.02351775257,24258.909694351918,24.258909694351917,7211.494540896315,17045.24774461095,24256.742285507265,24.256742285507265,80000.0,1062.52,531.26,0,0,0,0,plateau,0.495,0.5013103757751985,2.686630372831026,8.082228190132072,initial_ax_ramp_knee
launch,46,1.518,1.518,7.519317124785557,25.0,0.9,10.961800148390873,7.771788398739175,60.43083761388343,60.43142558607972,11.78401333470727,11.784127989285546,0.8222131863163966,0.8223278408946726,0.07500713160119897,0.07501759106741107,8.053251962982075e-05,0.0001937731540610586,411.09029756453134,122.61190225895565,288.4783953055757,61.305951129477826,144.23919765278785,411.0527808864156,122.36314015806354,288.68964072835206,574.8516015791138,1427.6616988658832,2002.513300444997,230.54554553246493,646.3245461524425,1602.563817796873,323.16227307622125,323.16227307622125,801.2819088984365,801.2819088984365,7409.539954940296,17433.160679100587,24842.700634040884,24.842700634040884,7394.507052816797,17445.926541147495,24840.43359396429,24.840433593964292,80000.0,1062.52,531.26,0,0,0,0,plateau,0.495,0.5013103757751985,2.686630372831026,8.082228190132072,initial_ax_ramp_knee
launch,47,1.5510000000000002,1.5510000000000002,7.8851553812892545,25.0,0.9,11.217818117722027,7.7435000737005595,61.84220336510509,61.84276589107484,12.059229656195493,12.059339348759595,0.8414115384734657,0.8415212310375679,0.07500670180631605,0.0750164802287286,7.76337915138175e-05,0.00018585686197485142,411.1163349993586,122.78421271290617,288.3321222864525,61.392106356453084,144.16606114322624,411.07804133407353,122.53063478563914,288.5474065484344,575.9039720397117,1427.122885402911,2003.0268574426227,237.5088406388953,647.5035793124548,1601.9617081290905,323.7517896562274,323.7517896562274,800.9808540645453,800.9808540645453,7593.246252615865,17831.255937437843,25424.50219005371,25.424502190053712,7577.564434868916,17844.569711651624,25422.13414652054,25.42213414652054,80000.0,1062.52,531.26,0,0,0,0,plateau,0.495,0.5013103757751985,2.686630372831026,8.082228190132072,initial_ax_ramp_knee
launch,48,1.584,1.584,8.259427204241797,25.0,0.9,11.4728938451828,7.714667819887074,63.248375415426224,63.24891360689449,12.333433206008115,12.333538153344426,0.8605393608253156,0.8606443081616266,0.075006303765866,0.07501545118217852,7.487684860957994e-05,0.00017829730475089913,411.14287531649063,122.95968257087317,288.1831927456175,61.479841285436585,144.09159637280874,411.10382493689093,122.70137196922407,288.4024529676669,576.9766351742858,1426.5738362809566,2003.5504714552424,244.60620852098944,648.7052945270094,1601.3480384603665,324.3526472635047,324.3526472635047,800.6740192301833,800.6740192301833,7777.000164204227,18227.273860926583,26004.27402513081,26.004274025130808,7760.6624382973405,18241.141831768415,26001.804270065753,26.001804270065755,80000.0,1062.52,531.26,0,0,0,0,plateau,0.495,0.5013103757751985,2.686630372831026,8.082228190132072,initial_ax_ramp_knee
launch,49,1.617,1.617,8.642101213982942,25.0,0.9,11.727009528006521,7.685300840115499,64.64925557378197,64.64977046854617,12.606604836887485,12.606705241366504,0.8795953088809636,0.8796957133599825,0.07500593452920017,0.07501449634359787,7.22526212751932e-05,0.00017107088393988665,411.169912316931,123.13825666366813,288.0316556532629,61.569128331834065,144.01582782663144,411.1301180449017,122.87529572154361,288.2548223233581,578.0692446332359,1426.0147175696748,2004.0839622029107,251.83537065657703,649.9293077311137,1600.723003919834,324.96465386555684,324.96465386555684,800.361501959917,800.361501959917,7960.796625959442,18621.18042565877,26581.977051618214,26.581977051618214,7943.796396806111,18635.60809965666,26579.404496462772,26.57940449646277,80000.0,1062.52,531.26,0,0,0,0,plateau,0.495,0.5013103757751985,2.686630372831026,8.082228190132072,initial_ax_ramp_knee
launch,50,1.6500000000000001,1.6500000000000001,9.033145448239654,25.0,0.9,11.980147668995613,7.655408454817437,66.04474733724372,66.04523990558663,12.878725730762525,12.878821781589393,0.8985780617669121,0.8986741125937794,0.07500559146632345,0.07501360896573339,6.975276026885142e-05,0.00016415596094172168,411.19743237738857,123.3198773520477,287.8775550253409,61.65993867602385,143.93877751267044,411.15691202497067,123.05235060615077,288.1045614188199,579.1814498424369,1425.445697713571,2004.627147556008,259.1940198576323,651.1752299658615,1600.086802152306,325.58761498293075,325.58761498293075,800.043401076153,800.043401076153,8144.630141375875,19012.942185082353,27157.572326458227,27.157572326458226,8126.9614050371565,19027.93487679978,27154.896281836936,27.154896281836937,80000.0,1062.52,531.26,0,0,0,0,plateau,0.495,0.5013103757751985,2.686630372831026,8.082228190132072,initial_ax_ramp_knee
launch,51,1.683,1.683,9.43252737227287,25.0,0.9,12.23229108047682,7.625000104010237,67.4347559125768,67.43522706344622,13.149777402952477,13.149869277372014,0.9174863224756571,0.9175781968951942,0.0750052722290102,0.07501278303944894,6.736958973013693e-05,0.0001575327638161365,411.225427470219,123.50448776769645,287.72093970252257,61.75224388384822,143.86046985126129,411.1841948840281,123.23247970342817,287.95171518059993,580.3128963642583,1424.8669491054466,2005.179845469705,266.6798217553711,652.4426673615686,1599.4396334583068,326.2213336807843,326.2213336807843,799.7198167291534,799.7198167291534,8328.494986722437,19402.52689974773,27731.021886470167,27.731021886470167,8310.152189302255,19418.08929651255,27728.241485814804,27.728241485814802,80000.0,1062.52,531.26,0,0,0,0,plateau,0.495,0.5013103757751985,2.686630372831026,8.082228190132072,initial_ax_ramp_knee
launch,52,1.7160000000000002,1.7160000000000002,9.840213889152311,25.0,0.9,12.483422888004329,7.594085334084251,68.81918823617131,68.81963882258317,13.419741706053406,13.419829570403719,0.9363188180490774,0.9364066823993902,0.07500497471321046,0.07501201319545216,6.50960164078201e-05,0.00015118314316939758,411.25388566995605,123.69202953403524,287.5618561359208,61.84601476701762,143.7809280679604,411.211957298975,123.41562612830077,287.7963311706742,581.4632259868746,1424.2786464729597,2005.7418724598342,274.29041628862507,653.7312216301116,1598.781700425165,326.8656108150558,326.8656108150558,799.3908502125824,799.3908502125824,8512.385063816833,19789.90307842569,28302.288142242523,28.302288142242524,8493.363205808473,19806.039565630334,28299.402771438807,28.299402771438807,80000.0,1062.52,531.26,0,0,0,0,plateau,0.495,0.5013103757751985,2.686630372831026,8.082228190132072,initial_ax_ramp_knee
launch,53,1.749,1.749,10.256171350149158,25.0,0.9,12.733526533860445,7.562673795760297,70.19795299311659,70.19838381723355,13.688600833657736,13.688684844360543,0.9550742997972907,0.9551583105000976,0.07500469703012738,0.07501129462919653,6.292548809473e-05,0.00014509046622538524,411.28279801222936,123.88244446178996,287.40035355043943,61.94122223089498,143.70017677521972,411.2401881945059,123.60173199144515,287.63845620306074,582.6320770101481,1423.6809676185042,2006.3130446286523,282.0234191953045,655.040490182842,1598.1132079327926,327.520245091421,327.520245091421,799.0566039663963,799.0566039663963,8696.294013001108,20175.04032774237,28871.334340743477,28.871334340743477,8676.588572203262,20191.75474913898,28868.343321342243,28.868343321342245,80000.0,1062.52,531.26,0,0,0,0,plateau,0.495,0.5013103757751985,2.686630372831026,8.082228190132072,initial_ax_ramp_knee
launch,54,1.782,1.782,10.680365565241264,25.0,0.9,12.98258578032209,7.53077523414742,71.57096063484757,71.57137245259038,13.956337323795276,13.956417628255124,0.9737515434731865,0.9738318479330346,0.07500443747878925,0.07501062303082079,6.085192735635743e-05,0.00013923945704375558,411.31215349085085,124.07567338648354,287.2364801043673,62.03783669324177,143.61824005218364,411.26887791663415,123.79073920157731,287.47813871505684,583.8190843992455,1423.0740924907918,2006.8931768900375,289.8764235044257,656.3700665133907,1597.4343628946212,328.18503325669536,328.18503325669536,798.7171814473106,798.7171814473106,8880.215135686218,20557.909099520737,29438.124235206953,29.438124235206953,8859.822122354772,20575.204937952774,29435.027060307548,29.435027060307547,80000.0,1062.52,531.26,0,0,0,0,plateau,0.495,0.5013103757751985,2.686630372831026,8.082228190132072,initial_ax_ramp_knee
launch,55,1.8150000000000002,1.8150000000000002,11.112761813722303,25.0,0.9,13.230584712722605,7.498399484650839,72.93812339584032,72.93851692111964,14.222934062188862,14.223010799618331,0.9923493494662576,0.9924260868957262,0.07500419452452535,0.07500999452740767,5.886969892426416e-05,0.00013361608845236243,411.3419426673663,124.27165705996578,287.07028560740054,62.13582852998289,143.53514280370027,411.2980159009194,123.9825889448191,287.3154269561003,585.0238800344845,1422.4582034939378,2007.4820835284222,297.8470010280309,657.7195403843151,1596.7453741946829,328.85977019215755,328.85977019215755,798.3726870973414,798.3726870973414,9064.141457245334,20938.480884326033,30002.62234157137,30.002622341571367,9043.057371392964,20956.361130736233,29999.4185021292,29.9994185021292,80000.0,1062.52,531.26,0,0,0,0,plateau,0.495,0.5013103757751985,2.686630372831026,8.082228190132072,initial_ax_ramp_knee
launch,56,1.848,1.848,11.553324854908844,25.0,0.9,13.477507742291172,7.465556464790104,74.29935530896793,74.29973121769851,14.488374285248748,14.48844758745121,1.0108665429575758,1.0109398451600384,0.07500396677833619,0.07500940563274935,5.697355704118831e-05,0.00012820748362789714,411.37215503458293,124.4703355691837,286.9018194653992,62.23516778459185,143.4509097326996,411.32759234106123,124.17722211489138,287.15037022616985,586.2460928973347,1421.8334849257324,2008.0795778230672,305.93270385092353,659.0884981508035,1596.046452487458,329.54424907540175,329.54424907540175,798.023226243729,798.023226243729,9248.06568788125,21316.728072147824,30564.793760029075,30.564793760029076,9226.287547194945,21335.195326867037,30561.48287406198,30.56148287406198,80000.0,1062.52,531.26,0,0,0,0,plateau,0.495,0.5013103757751985,2.686630372831026,8.082228190132072,initial_ax_ramp_knee
launch,57,1.881,1.881,12.00201893893751,25.0,0.9,13.723339608787539,7.432256169089781,75.65457221989347,75.65493115354428,14.752641582879226,14.752711574941136,1.0293019740916876,1.0293719661535974,0.07500375298098644,0.07500885320177125,5.515862407144978e-05,0.0001230018026234761,411.4027809195477,124.67164880858972,286.73113211095796,62.33582440429486,143.36556605547898,411.3575969588403,124.37457906230432,286.983017896536,587.4853493028055,1421.2001230669357,2008.685472369741,314.13106581727106,660.4765229812549,1595.337810100586,330.23826149062745,330.23826149062745,797.668905050293,797.668905050293,9431.980258562646,21692.624059432335,31124.60431799498,31.12460431799498,9409.505573987952,21711.680461198797,31121.18603518675,31.12118603518675,80000.0,1062.52,531.26,0,0,0,0,plateau,0.495,0.5013103757751985,2.686630372831026,8.082228190132072,initial_ax_ramp_knee
launch,58,1.9140000000000001,1.9140000000000001,12.45880781764588,25.0,0.9,13.968065382922587,7.398508661867142,77.0036918001317,77.00403436932476,15.015719901025683,15.015786702018328,1.047654518103096,1.047721319095741,0.07500355198680289,0.07500833439516179,5.342034284066676e-05,0.00011798819911550042,411.43381008720513,124.8755362029578,286.55827388424734,62.4377681014789,143.27913694212367,411.38801988357017,124.5745998304986,286.8134200530716,588.7412731013181,1420.5583058166872,2009.2995789180054,322.43960401229685,661.8831951482084,1594.6196608668183,330.9415975741042,330.9415975741042,797.3098304334092,797.3098304334092,9615.87730314875,22066.14317099696,31682.02047414571,31.68202047414571,9592.704091472453,22085.790455350303,31678.494546822756,31.678494546822755,80000.0,1062.52,531.26,0,0,0,0,plateau,0.495,0.5013103757751985,2.686630372831026,8.082228190132072,initial_ax_ramp_knee
launch,59,1.947,1.947,12.923654755529853,25.0,0.9,14.21167046857581,7.364324071649846,78.34663355921091,78.3469603466751,15.277593544046129,15.277657267601645,1.0659230754703177,1.0659867990258345,0.07500336275227022,0.07500784664145536,5.175446975750411e-05,0.00011315668649215781,411.46523275544126,125.08193695864362,286.38329579679765,62.54096847932181,143.19164789839883,411.41885099923024,124.77722404635885,286.6416269528714,590.0134859020235,1419.9082226721152,2009.9217085741388,330.85582023797417,663.3080922644231,1593.892220010328,331.65404613221153,331.65404613221153,796.946110005164,796.946110005164,9799.748679775172,22437.260719741833,32237.009399517003,32.237009399517,9775.875448895638,22457.50018058305,32233.375629478687,32.23337562947869,80000.0,1062.52,531.26,0,0,0,0,plateau,0.495,0.5013103757751985,2.686630372831026,8.082228190132072,initial_ax_ramp_knee
launch,60,1.98,1.98,13.396522540770968,25.0,0.9,14.454140604804797,7.329712584521856,79.68331885542896,79.68363041937455,15.538247176808648,15.538307931778037,1.0841065720038507,1.0841673269732404,0.0750031843223855,0.0750073876140962,5.015702304391842e-05,0.00010849815979273497,411.4970388386711,125.29078994911384,286.20624888955723,62.64539497455692,143.10312444477862,411.45008041462364,124.98239105362241,286.46768936100125,591.3016072818657,1419.2500644702588,2010.5516717521245,339.37720248114147,664.7507895546389,1593.1557039967056,332.37539477731946,332.37539477731946,796.5778519983528,796.5778519983528,9983.585965163813,22805.952960231007,32789.53892539482,32.78953892539482,9959.011717639707,22826.78548613422,32785.797203773924,32.785797203773924,80000.0,1062.52,531.26,0,0,0,0,plateau,0.495,0.5013103757751985,2.686630372831026,8.082228190132072,initial_ax_ramp_knee
launch,61,2.013,2.013,13.877373496326765,25.0,0.9,14.695461867654435,7.294684438358443,81.01367090586865,81.0139677823389,15.797665826644387,15.797723717556085,1.1022039589899517,1.1022618499016499,0.07500301582327035,0.07500695519667824,4.862429697018191e-05,0.00010400421078886189,411.5292185141505,125.50203384391664,286.02718467023385,62.75101692195832,143.01359233511693,411.4816981076691,125.19003987938734,286.2916582282818,592.6052550031928,1418.5840233154443,2011.1892783186372,348.00122637291224,666.2108600972432,1592.4103304123314,333.1054300486216,333.1054300486216,796.2051652061657,796.2051652061657,10167.380467848252,23172.197123747424,33339.57759159568,33.33957759159568,10142.104691481258,23193.623176058398,33335.72786753965,33.33572786753965,80000.0,1062.52,531.26,0,0,0,0,plateau,0.495,0.5013103757751985,2.686630372831026,8.082228190132072,initial_ax_ramp_knee
launch,62,2.0460000000000003,2.0460000000000003,14.366169491077615,25.0,0.9,14.935620671763152,7.259249916518178,82.33761479481247,82.33789750107535,16.055834884988432,16.055890012709693,1.12021421322528,1.1202693409465407,0.07500285644928865,0.07500654747241199,4.71527933116378e-05,9.966724752354644e-05,411.5617617782593,125.71560708873993,285.8461546895194,62.857803544369965,142.9230773447597,411.51369419050206,125.4001093100091,286.11358488049297,593.92404522538,1417.9102923786913,2011.8343376040714,356.7253566379267,667.6878750838036,1591.6563178250376,333.8439375419018,333.8439375419018,795.8281589125188,795.8281589125188,10351.123230168663,23535.971385902176,33887.09461607084,33.88709461607084,10325.145895594906,23557.99102555525,33883.13692115016,33.88313692115016,80000.0,1062.52,531.26,0,0,0,0,plateau,0.495,0.5013103757751985,2.686630372831026,8.082228190132072,initial_ax_ramp_knee
launch,63,2.079,2.079,14.862871951023397,25.0,0.9,15.174603771772626,7.223419342054966,83.65507748173408,83.65534651789638,16.312740108938147,16.312792570989792,1.1381363371655215,1.1381887992171666,0.07500270545993767,0.07500616268705439,4.5739269915394e-05,9.548020138288875e-05,411.59465881012426,125.93144795605961,285.66321085406463,62.96572397802981,142.83160542703231,411.546058697318,125.61253790246732,285.9335207948507,595.2575927175562,1417.2290658033203,2012.4866585208765,365.54704853234415,669.1814040607942,1590.893885661644,334.5907020303971,334.5907020303971,795.446942830822,795.446942830822,10534.80503615113,23897.254891411674,34432.059927562805,34.432059927562804,10508.126590908163,23919.867763175367,34427.99435408353,34.42799435408353,80000.0,1062.52,531.26,0,0,0,0,plateau,0.495,0.5013103757751985,2.686630372831026,8.082228190132072,initial_ax_ramp_knee
launch,64,2.112,2.112,15.367441870523564,25.0,0.9,15.412398263539012,7.18720307164679,84.96598780728189,84.96624366006496,16.56836762241997,16.568417513712667,1.1559693588809576,1.1560192501736548,0.07500256216552781,0.0750057992537372,4.438063452702899e-05,9.143681443817579e-05,411.62789964758804,126.14949459425179,285.47840505333625,63.074747297125896,142.73920252666812,411.5787817598963,125.82726402218174,285.75151773771455,596.6055110703809,1416.5405385342965,2013.1460496046775,374.46374926920936,670.6910151803999,1590.1232540753685,335.34550759019993,335.34550759019993,795.0616270376843,795.0616270376843,10718.41641958997,24256.02772344849,34974.44414303846,34.97444414303846,10691.037780732333,24279.233082336028,34970.27086306836,34.970270863068365,80000.0,1062.52,531.26,0,0,0,0,plateau,0.495,0.5013103757751985,2.686630372831026,8.082228190132072,initial_ax_ramp_knee
launch,65,2.145,2.145,15.879839823573995,25.0,0.9,15.648991585152393,7.150611489879371,86.27027649944813,86.27051964271641,16.822703917392385,16.8227513303297,1.173712332239992,1.1737597451773087,0.07500242592970646,0.07500545570559065,4.3074053284140265e-05,8.753113261771211e-05,411.66147450592416,126.36968500880714,285.291789497117,63.18484250440357,142.6458947485585,411.6118534467679,126.04422588843384,285.56762755833404,597.9674129033017,1415.8449062193697,2013.8123191226714,383.47289943017466,672.2162754389697,1589.344643824459,336.10813771948483,336.10813771948483,794.6723219122294,794.6723219122294,10901.947666857957,24612.27092971675,35514.218596574705,35.51421859657471,10873.870218554086,24636.06762259518,35509.937841149265,35.50993784114927,80000.0,1062.52,531.26,0,0,0,0,plateau,0.495,0.5013103757751985,2.686630372831026,8.082228190132072,initial_ax_ramp_knee
launch,66,2.178,2.178,16.40002597511449,25.0,0.9,15.884371517761547,7.113655003352677,87.56787617691987,87.56810707647327,17.075735854499374,17.075780879912287,1.191364336737827,1.1914093621507398,0.07500229615038091,0.07500513072352485,4.181676984511281e-05,8.375809992266729e-05,411.69537343243485,126.59195718635257,285.1034162460823,63.29597859317629,142.55170812304115,411.6452639252671,126.26336157655726,285.38190234870984,599.3429100755125,1415.1423650511338,2014.4852751266462,392.571934362236,673.7567509209134,1588.558276144137,336.8783754604567,336.8783754604567,794.2791380720685,794.2791380720685,11085.388831888464,24965.966481705265,36051.355313593725,36.051355313593724,11056.614412217628,24990.352982559463,36046.96739477709,36.04696739477709,80000.0,1062.52,531.26,0,0,0,0,plateau,0.495,0.5013103757751985,2.686630372831026,8.082228190132072,initial_ax_ramp_knee
launch,67,2.2110000000000003,2.2110000000000003,16.927960092360433,25.0,0.9,16.118526186213092,7.076344035101807,88.85872135378018,88.85894046606785,17.327450663987136,17.32749339088323,1.208924477774044,1.208967204670138,0.07500217227106608,0.07500482306528886,4.060632235806648e-05,8.011263963946557e-05,411.7295867174681,126.81624898430904,284.9133377331591,63.40812449215452,142.45666886657955,411.6790032819092,126.48460910215812,285.1943941797511,600.731613886077,1414.4331116757646,2015.1647255618416,401.75828555862955,675.312007031532,1587.7643726282968,337.656003515766,337.656003515766,793.8821863141484,793.8821863141484,11268.729731628326,25317.097315619467,36585.82704724779,36.58582704724779,11239.260635750477,25342.07169367479,36581.33232942526,36.581332329425265,80000.0,1062.52,531.26,0,0,0,0,plateau,0.495,0.5013103757751985,2.686630372831026,8.082228190132072,initial_ax_ramp_knee
launch,68,2.244,2.244,17.463601556152465,25.0,0.9,16.351444059498817,7.038689018841677,90.14274843980279,90.14295621889657,17.577835945761546,17.57787646268483,1.2263918862627285,1.2264324031860134,0.07500205375135034,0.07500453163178325,3.944022002454668e-05,7.659082288834386e-05,411.7641043784798,127.04249836988713,284.72160600859263,63.521249184943564,142.36080300429632,411.7130617404528,126.70790637433457,285.00515536611823,602.1331352844236,1413.7173430339662,2015.8504783183898,411.0293820224875,676.8816087351851,1586.9631551044363,338.44080436759253,338.44080436759253,793.4815775522181,793.4815775522181,11451.959971720791,25665.647265006486,37117.60723672728,37.11760723672728,11421.798929635725,25691.20724232781,37113.006171963534,37.113006171963534,80000.0,1062.52,531.26,0,0,0,0,plateau,0.495,0.5013103757751985,2.686630372831026,8.082228190132072,initial_ax_ramp_knee
launch,69,2.277,2.277,18.006909372318137,25.0,0.9,16.58311395102541,7.000700393584382,91.41989574434098,91.42009263739142,17.82687967014649,17.826918064291327,1.243765719121079,1.2438041132659166,0.075001940093656,0.07500425534909903,3.83163597084246e-05,7.318816576803383e-05,411.7989168380192,127.27064315457915,284.52827368344003,63.635321577289574,142.26413684172002,411.7474293857499,126.93319134131261,284.81423804443733,603.547085060353,1412.9952562895637,2016.5423413499166,420.3826516126773,678.4651207803721,1586.1548455201978,339.23256039018605,339.23256039018605,793.0774227600989,793.0774227600989,11635.06892850685,26011.601138097147,37646.670066604,37.646670066603996,11604.219118919284,26037.74402647051,37641.9631453898,37.641963145389795,80000.0,1062.52,531.26,0,0,0,0,plateau,0.495,0.5013103757751985,2.686630372831026,8.082228190132072,initial_ax_ramp_knee
launch,70,2.31,2.31,18.557842183039323,25.0,0.9,16.813525018693674,6.962388597980003,92.6901034726947,92.6902899312916,18.074570177175467,18.074606536601863,1.2610451584817923,1.2610815179081882,0.0750018307927536,0.07500399330337261,3.723243430061435e-05,6.99018802829286e-05,411.8340140178666,127.50062144184034,284.33339257602626,63.75031072092017,142.16669628801313,411.7820965300285,127.16040185925367,284.62169467077484,604.9730740561835,1412.2670486534805,2017.2401227096639,429.81552237022316,680.0621079334433,1585.3396658196675,340.03105396672163,340.03105396672163,792.6698329098338,792.6698329098338,11818.045794277057,26354.944595019628,38172.99038929668,38.172990389296686,11786.510805963662,26381.667399769674,38168.17820573333,38.168178205733334,80000.0,1062.52,531.26,0,0,0,0,plateau,0.495,0.5013103757751985,2.686630372831026,8.082228190132072,initial_ax_ramp_knee
launch,71,2.343,2.343,19.116358278219643,25.0,0.9,17.042666764811095,6.923764065201877,93.95331373044591,93.95349020000486,18.320896177436953,18.320930589000948,1.2782294126258584,1.2782638241898532,0.0750017253910689,0.07500374453305353,3.618671938546191e-05,6.672768760975454e-05,411.86938656798986,127.7323710701132,284.1370154978767,63.8661855350566,142.06850774893834,411.8170532226232,127.3894759508252,284.427577271798,606.4107133414958,1411.5329173497416,2017.9436306912376,439.32542382520955,681.6721351934082,1584.5178378369621,340.8360675967041,340.8360675967041,792.2589189184811,792.2589189184811,12000.87953268408,26695.66430103839,38696.54383372247,38.69654383372247,11968.663399964975,26722.963593817,38691.626993781974,38.69162699378197,80000.0,1062.52,531.26,0,0,0,0,plateau,0.495,0.5013103757751985,2.686630372831026,8.082228190132072,initial_ax_ramp_knee
launch,72,2.3760000000000003,2.3760000000000003,19.682415606845858,25.0,0.9,17.270529035811805,6.884837217317412,95.20947051411629,95.2096374538623,18.56584675025268,18.56587930350315,1.2953177144408734,1.2953502676913438,0.07500162338715449,0.0750035082889084,3.517697989622268e-05,6.366410995966599e-05,411.90502419240346,127.96583046355282,283.9391937288506,63.98291523177641,141.9695968644253,411.8522899172827,127.62035151465376,284.23193840262894,607.8596144319704,1410.7930593984904,2018.6526738304608,448.909788282091,683.2947680232775,1583.6895831714874,341.64738401163874,341.64738401163874,791.8447915857437,791.8447915857437,12183.558962334037,27033.74769386584,39217.30665619988,39.21730665619988,12150.666094535583,27061.61980812282,39212.285902658405,39.21228590265841,80000.0,1062.52,531.26,0,0,0,0,plateau,0.495,0.5013103757751985,2.686630372831026,8.082228190132072,initial_ax_ramp_knee
launch,73,2.4090000000000003,2.4090000000000003,20.25597178833764,25.0,0.9,17.497102021826393,6.845618460547129,96.45851971843773,96.45867757924863,18.80941134509536,18.809442127953485,1.3123093232689662,1.3123401061270918,0.07500152434568613,0.07500328365749029,3.420194478498784e-05,6.0706485762512006e-05,411.94091793535483,128.2009375049265,283.7399804304283,64.10046875246324,141.86999021521416,411.8877965629499,127.85296680321076,284.0348297597392,609.3193894397277,1410.0476716491949,2019.3670610889226,458.5660520841771,684.9295725509347,1582.8551230919452,342.46478627546736,342.46478627546736,791.4275615459726,791.4275615459726,12366.072658241153,27369.183288681,39735.25594692215,39.73525594692215,12332.50791944827,27397.624065071454,39730.13198451972,39.73013198451972,80000.0,1062.52,531.26,0,0,0,0,plateau,0.495,0.5013103757751985,2.686630372831026,8.082228190132072,initial_ax_ramp_knee
launch,74,2.442,2.442,20.83698412387998,25.0,0.9,17.72237625605018,6.806118179545581,97.70040911763851,97.70055837886228,19.051579777939512,19.051608883878146,1.3292035218893332,1.3292326278279667,0.07500142772533458,0.0750030700524251,3.325927731244179e-05,5.785510214312474e-05,411.97705705400756,128.43763118640211,283.5394258676055,64.21881559320106,141.76971293380274,411.92356384605034,128.08725982004123,283.8363040260091,610.789651309208,1409.2969504813825,2020.0866017905905,468.2916568541982,686.5761158020089,1582.01467840635,343.28805790100444,343.28805790100444,791.007339203175,791.007339203175,12548.409113011854,27701.960229687083,40250.369342698934,40.25036934269893,12514.17768717529,27730.965391533606,40245.1430787089,40.2451430787089,80000.0,1062.52,531.26,0,0,0,0,plateau,0.495,0.5013103757751985,2.686630372831026,8.082228190132072,initial_ax_ramp_knee
launch,75,2.475,2.475,21.425409607732558,25.0,0.9,17.946342613987625,6.766346733208503,98.93508838070414,98.93522950573868,19.29234223423731,19.29236975361904,1.3459996202496853,1.346027139631417,0.07500133309617052,0.07500286652180066,3.234833042097722e-05,5.510395137176726e-05,412.01343328338646,128.67584934066954,283.33758394271695,64.33792467033477,141.66879197135847,411.9595814906694,128.32316923434237,283.636412256327,612.2700139264126,1408.5410919584613,2020.811105884874,478.08405071333516,688.2339658808619,1581.1684693821508,344.11698294043094,344.11698294043094,790.5842346910754,790.5842346910754,12730.556526981312,28032.0688949742,40762.62542195551,40.76262542195551,12695.664089491718,28061.633542764022,40757.29763225574,40.757297632255735,80000.0,1062.52,531.26,0,0,0,0,plateau,0.495,0.5013103757751985,2.686630372831026,8.082228190132072,initial_ax_ramp_knee
launch,76,2.508,2.508,22.021204938510863,25.0,0.9,18.168992312473442,6.726314448641475,100.16250903564043,100.16264254168271,19.531689261949882,19.53171529562813,1.3626969494764403,1.3627229831546863,0.0750012398068393,0.07500267266991713,3.146637113299745e-05,5.24560677640821e-05,412.0500350092439,128.9155319135291,283.1345030957148,64.45776595676455,141.5672515478574,411.9958405748831,128.56063315208044,283.4352074228027,613.7600923920459,1407.7802913717849,2021.5403837638307,487.9406894735744,689.9026922123346,1580.3167156033787,344.9513461061673,344.9513461061673,790.1583578016894,790.1583578016894,12912.50313012325,28359.50002479304,41272.00315491629,41.27200315491629,12876.955579722911,28389.61936481788,41266.57494454079,41.26657494454079,80000.0,1062.52,531.26,0,0,0,0,plateau,0.495,0.5013103757751985,2.686630372831026,8.082228190132072,initial_ax_ramp_knee
launch,77,2.541,2.541,22.62432653043345,25.0,0.9,18.390316908613812,6.686031617815583,101.38262450330132,101.38275087342201,19.76961177814376,19.769636420317294,1.3792948695299465,1.379319511703482,0.07500114741817748,0.07500248737189649,3.0613721173369544e-05,4.9902436230604087e-05,412.08685518127095,129.15661635638787,282.9302388248831,64.57830817819394,141.46511941244154,412.0323303639924,128.79959091800498,283.2327394459874,615.2595030585597,1407.014743612183,2022.2742466707427,497.8590378087896,691.5818656926941,1579.4596359168295,345.79093284634706,345.79093284634706,789.7298179584147,789.7298179584147,13094.236738176616,28684.24591734091,41778.482655517524,41.77848265551752,13058.040562218917,28714.91426244939,41772.95482466831,41.77295482466831,80000.0,1062.52,531.26,0,0,0,0,plateau,0.495,0.5013103757751985,2.686630372831026,8.082228190132072,initial_ax_ramp_knee
launch,78,2.5740000000000003,2.5740000000000003,23.23473052453029,25.0,0.9,18.61030829845829,6.645508490813694,102.59539002822481,102.59550984614684,20.00610105550384,20.006124419998635,1.3957927570455517,1.3958161215403457,0.07500105504223063,0.07500231050207683,2.9786727344477476e-05,4.7450792603665367e-05,412.1238805419879,129.3990442650485,282.7248362769394,64.69952213252425,141.3624181384697,412.06904260404406,129.03998060205458,283.0290620019895,616.7678638793236,1406.2446424216141,2023.0125063009377,507.8365703954154,693.2710589538893,1578.5974482624192,346.63552947694467,346.63552947694467,789.2987241312096,789.2987241312096,13275.745415652178,29006.29872400099,42282.04413965317,42.282044139653166,13238.907139102354,29037.510917370815,42276.418056473165,42.27641805647316,80000.0,1062.52,531.26,0,0,0,0,plateau,0.495,0.5013103757751985,2.686630372831026,8.082228190132072,initial_ax_ramp_knee
launch,79,2.607,2.607,23.852372799806698,25.0,0.9,18.828958715668612,6.604755273860039,103.80076275393208,103.80087652972132,20.241148737016754,20.24117092329566,1.4121900213481418,1.4122122076270465,0.07500096222384198,0.07500214053004785,2.898734580354306e-05,4.508616378421576e-05,412.16110616017147,129.64275184992474,282.51835431024676,64.82137592496237,141.25917715512338,412.10596567214793,129.2817426481759,282.824223023972,618.2847943147267,1405.470181159181,2023.7549754739077,517.8707730338189,694.9698464667839,1577.7303696629576,347.48492323339195,347.48492323339195,788.8651848314788,788.8651848314788,13457.016527540927,29325.652813137986,42782.66934067891,42.782669340678915,13419.54349703821,29357.402253725686,42776.945750763894,42.77694575076389,80000.0,1062.52,531.26,0,0,0,0,plateau,0.495,0.5013103757751985,2.686630372831026,8.082228190132072,initial_ax_ramp_knee
launch,80,2.64,2.64,24.47720898435833,25.0,0.9,19.04626072982596,6.563782121093265,104.99870158386798,104.99881001942155,20.474746808854256,20.474767953787204,1.4284860790282963,1.428507223961244,0.07500086758716494,0.07500197777531407,2.8210047956130118e-05,4.282472283362188e-05,412.19851576592237,129.88768377703488,282.31083198888746,64.94384188851744,141.15541599444373,412.14309245099696,129.52481464982503,282.6182778011719,619.809915831002,1404.6915515117369,2024.5014673427388,527.9591437334743,696.6778048529688,1576.858616002344,348.3389024264844,348.3389024264844,788.429308001172,788.429308001172,13638.038148324697,29642.30141442603,43280.33956275073,43.280339562750726,13599.937361122791,29674.582858861355,43274.520219984144,43.27452021998415,80000.0,1062.52,531.26,0,0,0,0,plateau,0.495,0.5013103757751985,2.686630372831026,8.082228190132072,initial_ax_ramp_knee
launch,80.82721997652033,2.667298259225171,2.667298259225171,25.0,25.0,0.9,19.224896000932855,6.529714732210694,105.98347864691748,105.98358311484121,20.66677833614891,20.66679870739404,1.4418823352160544,1.4419027064611838,0.07500078742361421,0.07500184714991509,2.758933307883414e-05,4.101765621540144e-05,412.2296128399596,130.09125361928906,282.1383592206705,65.04562680964453,141.06917961033525,412.17396199235543,129.72692460202157,282.44703739033383,621.077990891388,1404.0441637507613,2025.1221546421493,536.3471956981109,698.0979000511924,1576.1337943500553,349.0489500255962,349.0489500255962,788.0668971750276,788.0668971750276,13787.565472127475,29901.99876879179,43689.564240919266,43.68956424091926,13748.95231522256,29934.713840723012,43683.66615594557,43.68366615594557,80000.0,1062.52,531.26,0.0,0.0,0.0,0,plateau,0.495,0.5013103757751985,2.686630372831026,8.082228190132072,initial_ax_ramp_knee
